<?xml version="1.0" encoding="UTF-8"?>
<metadata xml:lang="en"><Esri><CreaDate>20161206</CreaDate><CreaTime>09261600</CreaTime><ArcGISFormat>1.0</ArcGISFormat><SyncOnce>TRUE</SyncOnce><DataProperties><itemProps><itemLocation><linkage Sync="TRUE">file://\\bcgissde\Production\work\jhorton\2013 Redisticting Lawsuit\HouseDist13Copy</linkage><protocol Sync="TRUE">Local Area Network</protocol></itemLocation></itemProps><copyHistory><copy source="Y:\work\jhorton\2013 Redisticting Lawsuit\HouseDist13" dest="\\bcgissde\Production\work\jhorton\2013 Redisticting Lawsuit\HouseDist13Copy" date="20161206" time="09261600"></copy></copyHistory></DataProperties></Esri></metadata>
